sample_id,latitude,longitude,uranium_ppm,depth_m,date,notes
S001,-23.4567,134.1234,245.3,12.5,2023-01-15,High grade
S002,-23.4567,134.1234,198.7,13.2,2023-01-15,Duplicate location
S003,-23.4589,134.1256,12.4,15.0,2023-01-16,Low grade
S004,-23.4601,134.1278,312.8,10.1,2023-01-17,
S005,,134.1290,89.2,14.3,2023-01-18,Missing latitude
S006,-23.4623,,67.5,16.7,2023-01-19,Missing longitude
S007,-95.0,134.1312,45.1,11.0,2023-01-20,Invalid latitude
S008,-23.4645,190.0,78.9,13.5,2023-01-21,Invalid longitude
S009,-23.4667,134.1334,234.6,12.8,2023-01-22,
S010,-23.4689,134.1356,156.2,14.1,2023-01-23,
S011,-23.4701,134.1378,89.3,15.4,2023-01-24,
S012,-23.4723,134.1390,12.1,16.2,2023-01-25,