survey_id,lat,lon,U_ppm,date,method
H001,-23.4567,134.1234,250.1,2020-03-10,gamma-ray
H002,-23.4589,134.1256,15.2,2020-03-11,gamma-ray
H003,-23.4601,134.1278,310.5,2020-03-12,gamma-ray
H004,-23.4623,134.1290,65.8,2020-03-13,gamma-ray
H005,-23.4645,134.1312,80.1,2020-03-14,gamma-ray
H006,-23.4667,134.1334,230.4,2020-03-15,gamma-ray
H007,-23.4689,134.1356,155.9,2020-03-16,gamma-ray
H008,-23.4701,134.1378,90.2,2020-03-17,gamma-ray
H009,-23.4723,134.1390,11.8,2020-03-18,gamma-ray
H010,-23.4745,134.1412,200.3,2020-03-19,gamma-ray